具体型号,风机类别,供应商,料号,风机位置
MBB48G,AC罩机风机,赛微,R03001000099,蒸发风机
MBB69G,AC罩机风机,赛微,R03001000099,蒸发风机
MBB90G,AC罩机风机,赛微,R03001000099,蒸发风机
MBB90,AC罩机风机,赛微,R03001000099,蒸发风机
MBC50,DC12038风机,闵泉,R03001000015,蒸发风机
MBF8001,AC罩机风机,赛微,R03001000099,蒸发风机
MBF8003,AC罩机风机,赛微,R03001000099,蒸发风机
MBF8004,AC罩机风机,赛微,R03001000099,蒸发风机
MBF8005,AC罩机风机,赛微,R03001000099,蒸发风机
MBF8007,AC罩机风机,赛微,R03001000099,蒸发风机
MBF8503,EC罩机风机,EBM,R03001000005,蒸发风机
MBF8504,AC罩机风机,赛微,R03001000099,蒸发风机
MBF8505,AC罩机风机,赛微,R03001000099,蒸发风机
MBF8507,EC罩机风机,EBM,R03001000005,蒸发风机
MBF8508,EC罩机风机,EBM,R03001000005,蒸发风机
MBF8519,AC罩机风机,赛微,R03001000099,蒸发风机
MBGF24,EC12038风机,时大芊,R03001000138,蒸发风机
MCF8701,EC罩机风机,EBM,R03001000005,蒸发风机
MCF8705,AC罩机风机,赛微,R03001000099,蒸发风机
MCF8709,AC罩机风机,赛微,R03001000099,蒸发风机
MCF8720,EC罩机风机,EBM,R03001000005,蒸发风机
MCF8721,EC罩机风机,EBM,R03001000005,蒸发风机
MCF8722,AC罩机风机,赛微,R03001000099,蒸发风机
MCF8723,AC罩机风机,赛微,R03001000099,蒸发风机
MCF8725,AC罩机风机,赛微,R03001000099,蒸发风机
MCF8727,AC罩机风机,赛微,R03001000099,蒸发风机
MCF8728,AC罩机风机,赛微,R03001000099,蒸发风机
MGF24F,DC12038风机,闵泉,R03001000015,蒸发风机
MGF36F,EC12038风机,时大芊,R03001000138,蒸发风机
MGF36R,EC12038风机,时大芊,R03001000138,蒸发风机
MGF8401,EC罩机风机,松下,R03001000009,蒸发风机
MGF8402,EC罩机风机,松下,R03001000009,蒸发风机
MGF8403,EC罩机风机,松下,R03001000009,蒸发风机
MGF8404,EC罩机风机,松下,R03001000009,蒸发风机
MGF8405,EC罩机风机,松下,R03001000009,蒸发风机
MGF8405 L,EC罩机风机,松下,R03001000009,蒸发风机
MGF8406,EC罩机风机,松下,R03001000009,蒸发风机
MGF8407,EC12038风机,时大芊,R03001000138,蒸发风机
MGF8407 -AUS2,EC12038风机,时大芊,R03001000138,蒸发风机
MGF8409,EC12038风机,时大芊,R03001000138,蒸发风机
MGF8412,EC12038风机,时大芊,R03001000138,蒸发风机
MGF8413,EC12038风机,时大芊,R03001000138,蒸发风机
MGF8450,EC罩机风机,松下,R03001000009,蒸发风机
MGF8451,EC罩机风机,松下,R03001000009,蒸发风机
MGF8454,EC罩机风机,松下,R03001000009,蒸发风机
MKC23,DC12038风机,九龙,R03001000014,蒸发风机
MPF8202,EC罩机风机,EBM,R03001000005,蒸发风机
MPF8203,EC罩机风机,EBM,R03001000005,蒸发风机
MSF17 -NTCV,DC12038风机,闵泉,R03001000015,蒸发风机
MSF3610,EC12038风机,时大芊,R03001000138,蒸发风机
MSF3615,EC12038风机,时大芊,R03001000138,蒸发风机
MSF8301,EC罩机风机,松下,R03001000009,蒸发风机
MSF8302,EC12038风机,时大芊,R03001000138,蒸发风机
MSF8303,EC罩机风机,松下,R03001000009,蒸发风机
MSF8304,EC罩机风机,松下,R03001000009,蒸发风机
MSF8305,EC罩机风机,松下,R03001000009,蒸发风机
MSF8306,EC罩机风机,松下,R03001000009,蒸发风机
MSF8307,EC罩机风机,松下,R03001000009,蒸发风机
MSF8308,EC罩机风机,松下,R03001000009,蒸发风机
AOM-50B,AC罩机风机,微光,R03001000064,蒸发风机
MBF8531,EC罩机风机,EBM,R03001000005,蒸发风机
MBGF48,EC12038风机,时大芊,R03001000138,蒸发风机
MCF8703,EC罩机风机,EBM,R03001000005,蒸发风机
MCF8733,AC罩机风机,赛微,R03001000099,蒸发风机
MGF24R,DC12038风机,闵泉,R03001000015,蒸发风机
MGF8453-AUS1,EC罩机风机,松下,R03001000009,蒸发风机
MSF17,DC12038风机,闵泉,R03001000015,蒸发风机
MBF8501,AC罩机风机,赛微,R03001000099,蒸发风机
MCF8726,AC罩机风机,赛微,R03001000099,蒸发风机
MGF8410,EC12038风机,时大芊,R03001000138,蒸发风机
MGF8452,EC罩机风机,松下,R03001000009,蒸发风机
RDCS-35,DC12038风机,闵泉,R03001000015,蒸发风机
RDCS-48,DC12038风机,闵泉,R03001000015,蒸发风机
SBB59-AUS1,AC罩机风机,赛微,R03001000099,蒸发风机
MBB48G,赛微YZ10-20-1罩级电机,赛微,R03001000100,冷凝风机
MBB69G,赛微YZ10-20-1罩级电机,赛微,R03001000100,冷凝风机
MBB90G,赛微YZ10-20-1罩级电机,赛微,R03001000100,冷凝风机
MBB90,赛微YZ10-20-1罩级电机,赛微,R03001000100,冷凝风机
MBC50,赛微YZ10-20-1罩级电机,赛微,R03001000100,冷凝风机
MBF8001,AC罩机风机,EBM,R03001000069,冷凝风机
MBF8003,AC罩机风机,微光,R03001000074,冷凝风机
MBF8004,AC罩机风机,微光,R03001000080,冷凝风机
MBF8005,AC罩机风机,微光,R03001000080,冷凝风机
MBF8007,AC罩机风机,EBM,R03001000069,冷凝风机
MBF8503,AC12038风机,EBM,R03001000062,冷凝风机
MBF8504,AC罩机风机,微光,R03001000071,冷凝风机
MBF8505,AC罩机风机,微光,R03001000065,冷凝风机
MBF8507,AC罩机风机,微光,R03001000065,冷凝风机
MBF8508,AC罩机风机,微光,R03001000065,冷凝风机
MBF8519,AC罩机风机,微光,R03001000065,冷凝风机
MBGF24,EBM高效节能风机,EBM,R03001000076,冷凝风机
MCF8701,AC12038风机,EBM,R03001000062,冷凝风机
MCF8705,AC罩机风机,微光,R03001000065,冷凝风机
MCF8709,AC罩机风机,微光,R03001000065,冷凝风机
MCF8720,AC12038风机,EBM,R03001000062,冷凝风机
MCF8721,AC12038风机,EBM,R03001000062,冷凝风机
MCF8722,AC罩机风机,微光,R03001000065,冷凝风机
MCF8723,AC罩机风机,微光,R03001000065,冷凝风机
MCF8725,AC罩机风机,微光,R03001000065,冷凝风机
MCF8727,AC罩机风机,微光,R03001000065,冷凝风机
MCF8728,AC罩机风机,微光,R03001000071,冷凝风机
MGF24F,赛微YZ10-20-1罩级电机,赛微,R03001000100,冷凝风机
MGF36F,赛微YZ10-20-1罩级电机,赛微,R03001000100,冷凝风机
MGF36R,赛微YZ10-20-1罩级电机,赛微,R03001000100,冷凝风机
MGF8401,赛微YZ10-20-1罩级电机,赛微,R03001000100,冷凝风机
MGF8402,赛微YZ10-20-1罩级电机,赛微,R03001000100,冷凝风机
MGF8403,赛微YZ10-20-1罩级电机,赛微,R03001000100,冷凝风机
MGF8404,赛微YZ10-20-1罩级电机,赛微,R03001000100,冷凝风机
MGF8405,赛微YZ10-20-1罩级电机,赛微,R03001000100,冷凝风机
MGF8405 L,赛微YZ10-20-1罩级电机,赛微,R03001000100,冷凝风机
MGF8406,赛微YZ10-20-1罩级电机,赛微,R03001000100,冷凝风机
MGF8407,赛微YZ10-20-1罩级电机,赛微,R03001000100,冷凝风机
MGF8407 -AUS2,赛微YZ10-20-1罩级电机,赛微,R03001000100,冷凝风机
MGF8409,赛微YZ10-20-1罩级电机,赛微,R03001000100,冷凝风机
MGF8412,赛微YZ10-20-1罩级电机,赛微,R03001000100,冷凝风机
MGF8413,赛微YZ10-20-1罩级电机,赛微,R03001000100,冷凝风机
MGF8450,赛微YZ10-20-1罩级电机,赛微,R03001000100,冷凝风机
MGF8451,赛微YZ10-20-1罩级电机,赛微,R03001000100,冷凝风机
MGF8454,赛微YZ10-20-1罩级电机,赛微,R03001000100,冷凝风机
MKC23,赛微YZ10-20-1罩级电机,赛微,R03001000100,冷凝风机
MPF8202,赛微YZ10-20-1罩级电机,赛微,R03001000100,冷凝风机
MPF8203,赛微YZ10-20-1罩级电机,赛微,R03001000100,冷凝风机
MSF17 -NTCV,赛微YZ10-20-1罩级电机,赛微,R03001000100,冷凝风机
MSF3610,赛微YZ10-20-1罩级电机,赛微,R03001000100,冷凝风机
MSF3615,赛微YZ10-20-1罩级电机,赛微,R03001000100,冷凝风机
MSF8301,赛微YZ10-20-1罩级电机,赛微,R03001000100,冷凝风机
MSF8302,赛微YZ10-20-1罩级电机,赛微,R03001000100,冷凝风机
MSF8303,赛微YZ10-20-1罩级电机,赛微,R03001000100,冷凝风机
MSF8304,赛微YZ10-20-1罩级电机,赛微,R03001000100,冷凝风机
MSF8305,赛微YZ10-20-1罩级电机,赛微,R03001000100,冷凝风机
MSF8306,赛微YZ10-20-1罩级电机,赛微,R03001000100,冷凝风机
MSF8307,赛微YZ10-20-1罩级电机,赛微,R03001000100,冷凝风机
MSF8308,赛微YZ10-20-1罩级电机,赛微,R03001000100,冷凝风机
AOM-50B,AC罩机风机,EBM,R03001000069,冷凝风机
MBF8531,AC12038风机,EBM,R03001000062,冷凝风机
MBGF48,EBM高效节能风机,EBM,R03001000076,冷凝风机
MCF8703,AC12038风机,EBM,R03001000062,冷凝风机
MCF8733,AC罩机风机,微光,R03001000065,冷凝风机
MGF24R,赛微YZ10-20-1罩级电机,赛微,R03001000100,冷凝风机
MGF8453-AUS1,赛微YZ10-20-1罩级电机,赛微,R03001000100,冷凝风机
MSF17,赛微YZ10-20-1罩级电机,赛微,R03001000100,冷凝风机
MBF8501,AC12038风机,EBM,R03001000062,冷凝风机
MCF8726,AC罩机风机,微光,R03001000065,冷凝风机
MGF8410,赛微YZ10-20-1罩级电机,赛微,R03001000100,冷凝风机
MGF8452,赛微YZ10-20-1罩级电机,赛微,R03001000100,冷凝风机
RDCS-35,AC罩机风机,微光,R03001000065,冷凝风机
RDCS-48,AC罩机风机,微光,R03001000065,冷凝风机
SBB59-AUS1,赛微YZ10-20-1罩级电机,赛微,R03001000100,冷凝风机
